replacement,ipc_gm
belady,0.35918218194454843
bip,0.35822881449208466
drrip,0.3582288144920847
fifo,0.35785151008306
lfu,0.3603811002463631
lru,0.3583841003823898
