replacement,mpki
belady,3.6828588705704957
bip,3.5515112585444695
drrip,3.5515112585444686
fifo,3.703350450315836
lfu,3.678767270224319
lru,3.5553161438188763
