replacement,avg_latency_gm
belady,35.52395081148162
bip,40.38784118568775
drrip,40.38784118568773
fifo,40.023617590076334
lfu,35.494580496278445
lru,40.43583479639047
