replacement,mpki
belady,5.582172646291787
bip,4.417687825057643
drrip,4.4176878250576435
fifo,4.575685532642027
lfu,5.582805386207825
lru,4.452641081667151
