replacement,speedup_gm
belady,1.0022268888639507
bip,0.9995667054142761
drrip,0.9995667054142761
fifo,0.9985139120324769
lfu,1.0055722334273267
lru,1.0
