replacement,mpki
belady,9.878947643547347
bip,8.648576614803906
drrip,8.648576614803906
fifo,8.954798214362054
lfu,9.876856129261848
lru,8.68654384673362
